classification,Trade Volume (USD)
Extreme Fear,5349.7318429906545
Extreme Greed,3112.2515645629123
Fear,7816.109930785776
Greed,5737.9626623466975
Neutral,4782.732661465797
