,Trade Volume (USD),value
Trade Volume (USD),1.0,-0.02983556457926069
value,-0.02983556457926069,1.0
